SYSTEM_TABLE_SCHEMA,TABLE_NAME,ORDINAL_POSITION,COLUMN_NAME,DATA_TYPE,LENGTH,NUMERIC_SCALE,IS_NULLABLE,COLUMN_DESC
AFILELIB  ,ACUSMASJ,1,ACREC,CHAR,1,,N,Customer status
AFILELIB  ,ACUSMASJ,2,COMNO,NUMERIC,2,0.0,N,Company number
AFILELIB  ,ACUSMASJ,3,CUSNO,NUMERIC,8,0.0,N,Customer number
AFILELIB  ,ACUSMASJ,4,CUSNM,CHAR,35,,N,Alpha sort name
AFILELIB  ,ACUSMASJ,5,CUSA1,CHAR,35,,N,Address line 1
AFILELIB  ,ACUSMASJ,6,CUSA2,CHAR,35,,N,Address line 2
AFILELIB  ,ACUSMASJ,7,CUSA3,CHAR,35,,N,City
AFILELIB  ,ACUSMASJ,8,ZIPCD,CHAR,10,,N,Postal code
AFILELIB  ,ACUSMASJ,9,STACD,CHAR,2,,N,State code
AFILELIB  ,ACUSMASJ,10,PHONE,CHAR,20,,N,Telephone number
AFILELIB  ,ACUSMASJ,11,TERRN,NUMERIC,2,0.0,N,Territory ID
AFILELIB  ,ACUSMASJ,12,CUSCL,CHAR,5,,N,Customer class code
AFILELIB  ,ACUSMASJ,13,BKORD,CHAR,1,,N,Backorders
AFILELIB  ,ACUSMASJ,14,BKPSC,CHAR,1,,N,Partial ship
AFILELIB  ,ACUSMASJ,15,ITDCD,CHAR,2,,N,Trade discount code
AFILELIB  ,ACUSMASJ,16,STERM,CHAR,2,,N,Terms code
AFILELIB  ,ACUSMASJ,17,CRLAM,DECIMAL,13,0.0,N,Credit limit
AFILELIB  ,ACUSMASJ,18,CRLCD,CHAR,1,,N,Credit limit code
AFILELIB  ,ACUSMASJ,19,SLSNO,DECIMAL,5,0.0,N,Salesrep number
AFILELIB  ,ACUSMASJ,20,FARAM,DECIMAL,15,2.0,N,Future AR
AFILELIB  ,ACUSMASJ,21,AMDUE,DECIMAL,15,2.0,N,Customer amount due
AFILELIB  ,ACUSMASJ,22,BFOIC,CHAR,1,,N,Balance forward/open item
AFILELIB  ,ACUSMASJ,23,ILCCD,CHAR,1,,N,Service charge
AFILELIB  ,ACUSMASJ,24,ILCLS,DECIMAL,13,2.0,N,Service charge last statement
AFILELIB  ,ACUSMASJ,25,DLTPM,DECIMAL,7,0.0,N,Date last payment
AFILELIB  ,ACUSMASJ,26,PRBAL,DECIMAL,15,2.0,N,Previous balance
AFILELIB  ,ACUSMASJ,27,CHGTD,DECIMAL,15,2.0,N,Charges to date
AFILELIB  ,ACUSMASJ,28,CRDTD,DECIMAL,15,2.0,N,Credits to date
AFILELIB  ,ACUSMASJ,29,ADJTD,DECIMAL,15,2.0,N,Adjustments to date
AFILELIB  ,ACUSMASJ,30,BPAMT,DECIMAL,15,2.0,N,Billing period amount
AFILELIB  ,ACUSMASJ,31,AGEP1,DECIMAL,15,2.0,N,First age period amount
AFILELIB  ,ACUSMASJ,32,AGEP2,DECIMAL,15,2.0,N,Second age period amount
AFILELIB  ,ACUSMASJ,33,AGEP3,DECIMAL,15,2.0,N,Third age period amount
AFILELIB  ,ACUSMASJ,34,AGEP4,DECIMAL,15,2.0,N,Fourth age period amount
AFILELIB  ,ACUSMASJ,35,DTLOA,DECIMAL,7,0.0,N,Date last order
AFILELIB  ,ACUSMASJ,36,SMTCD,NUMERIC,1,0.0,N,Statement code
AFILELIB  ,ACUSMASJ,37,MDATE,DECIMAL,7,0.0,N,Change date
AFILELIB  ,ACUSMASJ,38,ILPCT,DECIMAL,4,4.0,N,Interest/service charge %
AFILELIB  ,ACUSMASJ,39,ILCAM,DECIMAL,13,2.0,N,Aged service charge amt
AFILELIB  ,ACUSMASJ,40,ILCAC,NUMERIC,1,0.0,N,Service charge age code
AFILELIB  ,ACUSMASJ,41,OPOCT,DECIMAL,3,0.0,N,Open order count
AFILELIB  ,ACUSMASJ,42,DFICD,NUMERIC,1,0.0,N,Invoice procedure code
AFILELIB  ,ACUSMASJ,43,BILNO,NUMERIC,10,0.0,N,
AFILELIB  ,ACUSMASJ,44,SHLED,DECIMAL,2,0.0,N,Shipment lead time
AFILELIB  ,ACUSMASJ,45,CCTYN,CHAR,3,,N,Country code
AFILELIB  ,ACUSMASJ,46,TAXSU,CHAR,5,,N,Tax suffix
AFILELIB  ,ACUSMASJ,47,TAXNU,CHAR,15,,N,Tax ID number 1
AFILELIB  ,ACUSMASJ,48,TAXN2,CHAR,15,,N,Tax ID number 2
AFILELIB  ,ACUSMASJ,49,BKDRF,CHAR,1,,N,Bank debit flag
AFILELIB  ,ACUSMASJ,50,BKNUM,CHAR,20,,N,Bank account number
AFILELIB  ,ACUSMASJ,51,CURID,CHAR,3,,N,Currency ID
AFILELIB  ,ACUSMASJ,52,CONID,CHAR,1,,N,A/R consolidation code
AFILELIB  ,ACUSMASJ,53,CLIMC,CHAR,1,,N,Credit limit currency
AFILELIB  ,ACUSMASJ,54,LANCD,CHAR,3,,N,Language code
AFILELIB  ,ACUSMASJ,55,EXPAD,CHAR,3,,N,Surcharge code
AFILELIB  ,ACUSMASJ,56,INLFO,CHAR,1,,N,Invoice language format
AFILELIB  ,ACUSMASJ,57,PBOQT,CHAR,1,,N,Print backorder quantity
AFILELIB  ,ACUSMASJ,58,PITTX,CHAR,1,,N,Print item tax amount
AFILELIB  ,ACUSMASJ,59,ENPCD,CHAR,5,,N,Enterprise code
AFILELIB  ,ACUSMASJ,60,CRLAH,DECIMAL,13,0.0,N,LC credit limit
AFILELIB  ,ACUSMASJ,61,FARAH,DECIMAL,15,2.0,N,LC - future AR
AFILELIB  ,ACUSMASJ,62,AMDUH,DECIMAL,15,2.0,N,LC - amount due
AFILELIB  ,ACUSMASJ,63,PRBAH,DECIMAL,15,2.0,N,LC - previous balance
AFILELIB  ,ACUSMASJ,64,CHTDH,DECIMAL,15,2.0,N,LC - charge to date
AFILELIB  ,ACUSMASJ,65,CRDTH,DECIMAL,15,2.0,N,LC - credits to date
AFILELIB  ,ACUSMASJ,66,ADJTH,DECIMAL,15,2.0,N,LC - adjustments to date
AFILELIB  ,ACUSMASJ,67,BPAMH,DECIMAL,15,2.0,N,LC - billing period
AFILELIB  ,ACUSMASJ,68,AGP1H,DECIMAL,15,2.0,N,LC - first age period
AFILELIB  ,ACUSMASJ,69,AGP2H,DECIMAL,15,2.0,N,LC - second age period
AFILELIB  ,ACUSMASJ,70,AGP3H,DECIMAL,15,2.0,N,LC - third age period
AFILELIB  ,ACUSMASJ,71,AGP4H,DECIMAL,15,2.0,N,LC - fourth age period
AFILELIB  ,ACUSMASJ,72,ILCAH,DECIMAL,13,2.0,N,LC - aged service charge amount
AFILELIB  ,ACUSMASJ,73,ILCLH,DECIMAL,13,2.0,N,LC - last service charge amount
AFILELIB  ,ACUSMASJ,74,LOCOD,CHAR,9,,N,Ship to location
AFILELIB  ,ACUSMASJ,75,SLCOD,CHAR,1,,N,Sale code
AFILELIB  ,ACUSMASJ,76,ZONE,CHAR,2,,N,Zone
AFILELIB  ,ACUSMASJ,77,CCNNM,CHAR,25,,N,Contact name
AFILELIB  ,ACUSMASJ,78,FAXTN,CHAR,20,,N,Fax number
AFILELIB  ,ACUSMASJ,79,WTORPC,CHAR,1,,N,Order regrouping payment
AFILELIB  ,ACUSMASJ,80,WTBSCD,CHAR,1,,N,Payment basis code
AFILELIB  ,ACUSMASJ,81,WTPEXP,NUMERIC,2,0.0,N,Payment expiration days
AFILELIB  ,ACUSMASJ,82,WTPYMD,CHAR,3,,N,Payment mode
AFILELIB  ,ACUSMASJ,83,WTDTCD,CHAR,3,,N,Due date code
AFILELIB  ,ACUSMASJ,84,WTSTFQ,CHAR,1,,N,Statement fequency code
AFILELIB  ,ACUSMASJ,85,WTBKCD,CHAR,5,,N,Bank code
AFILELIB  ,ACUSMASJ,86,WTBKAG,CHAR,5,,N,Bank agency
AFILELIB  ,ACUSMASJ,87,WTBKNM,CHAR,25,,N,Bank name
AFILELIB  ,ACUSMASJ,88,ALCUCD,DECIMAL,5,0.0,N,Address code
AFILELIB  ,CODATAN,1,RCDCD,CHAR,2,,N,Record Code
AFILELIB  ,CODATAN,2,ORDNO,CHAR,7,,N,Order Number
AFILELIB  ,CODATAN,3,ITNBR,CHAR,15,,N,Item Number
AFILELIB  ,CODATAN,4,HOUSE,CHAR,3,,N,Warehouse
AFILELIB  ,CODATAN,5,ITMSQ,DECIMAL,7,0.0,N,Item Seq Number
AFILELIB  ,CODATAN,6,WHSLC,CHAR,7,,N,Whse Stock Loc
AFILELIB  ,CODATAN,7,UNITC,DECIMAL,19,8.0,N,Unit Cost
AFILELIB  ,CODATAN,8,ITDSC,CHAR,30,,N,Item Description
AFILELIB  ,CODATAN,9,NOINV,NUMERIC,1,0.0,N,Non-Inventory Itm
AFILELIB  ,CODATAN,10,ITCLS,CHAR,4,,N,Item Class
AFILELIB  ,CODATAN,11,COQTY,DECIMAL,10,3.0,N,Cust Order Qty
AFILELIB  ,CODATAN,12,QTYSH,DECIMAL,10,3.0,N,Quantity Shipped
AFILELIB  ,CODATAN,13,QTYBO,DECIMAL,10,3.0,N,Backordered Qty
AFILELIB  ,CODATAN,14,UNMSR,CHAR,2,,N,Unit of Measure
AFILELIB  ,CODATAN,15,EXTWO,NUMERIC,1,0.0,N,Ext. Weight Ovr
AFILELIB  ,CODATAN,16,EXTWT,DECIMAL,11,3.0,N,Extended Weight
AFILELIB  ,CODATAN,17,NEGPR,DECIMAL,15,3.0,N,Contract Unit Prc
AFILELIB  ,CODATAN,18,UNTPO,NUMERIC,1,0.0,N,Price Override
AFILELIB  ,CODATAN,19,PRICE,DECIMAL,15,3.0,N,Base Price
AFILELIB  ,CODATAN,20,UPDMC,NUMERIC,1,0.0,N,Discount/Markup
AFILELIB  ,CODATAN,21,UPDMP,DECIMAL,5,3.0,N,Discount Percent
AFILELIB  ,CODATAN,22,QPDPT,DECIMAL,5,3.0,N,Quantity Disc Pct
AFILELIB  ,CODATAN,23,ISLPO,NUMERIC,1,0.0,N,Selling Price Ovr
AFILELIB  ,CODATAN,24,ISLPR,DECIMAL,15,3.0,N,Selling Price
AFILELIB  ,CODATAN,25,INSAO,NUMERIC,1,0.0,N,Net Sales Amt Ovr
AFILELIB  ,CODATAN,26,INSAM,DECIMAL,13,2.0,N,Net Sales Amt
AFILELIB  ,CODATAN,27,ITTYP,CHAR,1,,N,Item Type Code
AFILELIB  ,CODATAN,28,WEGHT,DECIMAL,7,3.0,N,Unit Weight
AFILELIB  ,CODATAN,29,CRCOD,CHAR,1,,N,Credit Code
AFILELIB  ,CODATAN,30,MOFLG,CHAR,1,,N,Mfg Order Flag
AFILELIB  ,CODATAN,31,SAFLG,NUMERIC,1,0.0,N,Sales Analysis Flg
AFILELIB  ,CODATAN,32,MRDTE,DECIMAL,8,0.0,N,Material Req Date
AFILELIB  ,CODATAN,33,LPMNO,CHAR,1,,N,Last Pgm to Maint
AFILELIB  ,CODATAN,34,IAFLG,NUMERIC,1,0.0,N,Itm Alloc at Ord Ent
AFILELIB  ,CODATAN,35,PMULT,NUMERIC,7,3.0,N,Price Conv Multi
AFILELIB  ,CODATAN,36,PTRCD,NUMERIC,1,0.0,N,Price Code
AFILELIB  ,CODATAN,37,LSTUM,CHAR,2,,N,Pricing Unit of Meas
AFILELIB  ,CODATAN,38,ORFLG,NUMERIC,1,0.0,N,Pricing Ovr Flag
AFILELIB  ,CODATAN,39,ISCPR,DECIMAL,17,7.0,N,Conv Selling Price
AFILELIB  ,CODATAN,40,COREL,CHAR,1,,N,Customer Rel Ent Flg
AFILELIB  ,CODATAN,41,RQIDT,DECIMAL,8,0.0,N,Promise Date
AFILELIB  ,CODATAN,42,RDOVR,NUMERIC,1,0.0,N,Req Date Ovr Flag
AFILELIB  ,CODATAN,43,MFIDT,DECIMAL,8,0.0,N,Load Date
AFILELIB  ,CODATAN,44,MDOVR,NUMERIC,1,0.0,N,Mfg Due Date Ovr Flg
AFILELIB  ,CODATAN,45,MORDN,CHAR,7,,N,Mfg Order Number
AFILELIB  ,CODATAN,46,ITDSI,CHAR,30,,N,Inv Lang-Item Desc
AFILELIB  ,CODATAN,47,EXPAD,CHAR,3,,N,Export Adder Code
AFILELIB  ,CODATAN,48,NEGRH,DECIMAL,15,3.0,N,LC-Contract Unit Prc
AFILELIB  ,CODATAN,49,PRICH,DECIMAL,15,3.0,N,LC-Base Price
AFILELIB  ,CODATAN,50,ISLPH,DECIMAL,15,3.0,N,LC-Selling Price
AFILELIB  ,CODATAN,51,INSAH,DECIMAL,13,2.0,N,LC-Net Sales Amt
AFILELIB  ,CODATAN,52,ISCPH,DECIMAL,17,7.0,N,LC-Conv Selling Prc
AFILELIB  ,CODATAN,53,PRADJ,DECIMAL,5,2.0,N,Price Adj Factor
AFILELIB  ,CODATAN,54,TXIND,CHAR,3,,N,Tax Indicator
AFILELIB  ,CODATAN,55,CCUSNO,NUMERIC,8,0.0,N,Customer Number
AFILELIB  ,CODATAN,56,CSHPNO,CHAR,4,,N,Ship-to Number
AFILELIB  ,CODATAN,57,LSLDDTCH,DATE,4,,N,Dte-Last Load Dt Chg
AFILELIB  ,CODATAN,58,PRVLDDTE,DATE,4,,N,Previous Load Date
AFILELIB  ,CODATAN,59,PRLDDTCH,DATE,4,,N,Dte-Prv Load Dt Chg
AFILELIB  ,CODATAN,60,EARLDDT,DATE,4,,N,Earliest Load Date
AFILELIB  ,CODATAN,61,LATLDDT,DATE,4,,N,Latest Load Date
AFILELIB  ,CODATAN,62,NUMLDDTCHG,NUMERIC,3,0.0,N,# Of Load Dte Chgs
AFILELIB  ,CODATAN,63,ITMLTLDDT,CHAR,1,,N,Item W/Latest Ld Dte
AFILELIB  ,CODATAN,64,ITMPRCSTS,CHAR,1,,N,Itm Processng Status
AFILELIB  ,CODATAN,65,ARRVLMODE,CHAR,2,,N,Arrival Mode
AFILELIB  ,CODATAN,66,MARKFOR,CHAR,50,,N,Mark For
AFILELIB  ,CODATAT,1,RCDCD,CHAR,2,,N,RECORD CODE
AFILELIB  ,CODATAT,2,ORDNO,CHAR,7,,N,ORDER NUMBER
AFILELIB  ,CODATAT,3,ITNBR,CHAR,15,,N,ITEM NUMBER
AFILELIB  ,CODATAT,4,ITMSQ,DECIMAL,7,0.0,N,ITEM SEQUENCE NUMBER
AFILELIB  ,CODATAT,5,CMTSQ,DECIMAL,3,0.0,N,COMMENT SEQUENCE
AFILELIB  ,CODATAT,6,ICMT1,CHAR,25,,N,FIRST 25 CHARACTERS OF ITEM COMMENT
AFILELIB  ,CODATAT,7,ICMT2,CHAR,25,,N,SECOND 25 CHARACTERS OF ITEM COMMENT
AFILELIB  ,CODATAT,8,ICMT3,CHAR,25,,N,THIRD 25 CHARACTERS OF ITEM COMMENT
AFILELIB  ,CODATAT,9,IINTP,NUMERIC,1,0.0,N,INTERNAL ONLY PRINT CODE
AFILELIB  ,CODATAT,10,LPMNO,CHAR,1,,N,LAST PROGRAM TO MAINTAIN ITEM SEQUENCE
AFILELIB  ,CODATAT,11,ICM1I,CHAR,25,,N,INV LANG ITEM CMT-1
AFILELIB  ,CODATAT,12,ICM2I,CHAR,25,,N,INV LANG ITEM CMT-2
AFILELIB  ,CODATAT,13,ICM3I,CHAR,25,,N,INV LANG ITEM CMT-3
AFILELIB  ,COMAST,1,RCDCD,CHAR,2,,N,Record Code
AFILELIB  ,COMAST,2,ACREC,CHAR,1,,N,Active Record Code
AFILELIB  ,COMAST,3,ORDNO,CHAR,7,,N,Order #
AFILELIB  ,COMAST,4,OSNOA,CHAR,7,,N,Next Order #
AFILELIB  ,COMAST,5,COMNO,NUMERIC,2,0.0,N,Company Number
AFILELIB  ,COMAST,6,CUSNO,NUMERIC,8,0.0,N,Customer Number
AFILELIB  ,COMAST,7,CUSPO,CHAR,22,,N,Purchase Order #
AFILELIB  ,COMAST,8,CUSPD,DECIMAL,8,0.0,N,Purchase Order Date
AFILELIB  ,COMAST,9,TERMO,NUMERIC,1,0.0,N,Terms % Override
AFILELIB  ,COMAST,10,TERMP,DECIMAL,5,3.0,N,Terms Percent
AFILELIB  ,COMAST,11,TERMD,CHAR,20,,N,Terms Description
AFILELIB  ,COMAST,12,ORDTE,DECIMAL,8,0.0,N,Order Date
AFILELIB  ,COMAST,13,ORTYP,CHAR,1,,N,Order Type
AFILELIB  ,COMAST,14,MPROR,CHAR,1,,N,Mgmnt Priority Ovr
AFILELIB  ,COMAST,15,SALCD,CHAR,1,,N,Sales Code
AFILELIB  ,COMAST,16,CMEMO,CHAR,1,,N,Credit Memo Code
AFILELIB  ,COMAST,17,RQDTE,DECIMAL,8,0.0,N,Request Date
AFILELIB  ,COMAST,18,RDOVR,NUMERIC,1,0.0,N,Request Date Ovr Flg
AFILELIB  ,COMAST,19,HOUSE,CHAR,3,,N,Warehouse
AFILELIB  ,COMAST,20,SLSNO,DECIMAL,5,0.0,N,Salesrep Number
AFILELIB  ,COMAST,21,CONTR,NUMERIC,5,0.0,N,Contract Number
AFILELIB  ,COMAST,22,MSDTE,DECIMAL,8,0.0,N,Mfg Schedule Date
AFILELIB  ,COMAST,23,MDOVR,NUMERIC,1,0.0,N,Mfg Due Date Ovr Flg
AFILELIB  ,COMAST,24,INVNR,DECIMAL,6,0.0,N,Invoice Reference #
AFILELIB  ,COMAST,25,ITDCD,CHAR,1,,N,Invoice Disc Code
AFILELIB  ,COMAST,26,ITDPT,DECIMAL,5,3.0,N,Invoice Disc Pct
AFILELIB  ,COMAST,27,SHINS,CHAR,30,,N,Shipping Instr.
AFILELIB  ,COMAST,28,SHPWO,NUMERIC,1,0.0,N,Shipping Wght Ovr
AFILELIB  ,COMAST,29,SHPWT,DECIMAL,9,1.0,N,Shipping Weight
AFILELIB  ,COMAST,30,UPDPO,NUMERIC,1,0.0,N,Unit Pric Disc % Ovr
AFILELIB  ,COMAST,31,UPDMP,DECIMAL,5,3.0,N,Discount Percent
AFILELIB  ,COMAST,32,FAGMO,NUMERIC,2,0.0,N,Future Age Month
AFILELIB  ,COMAST,33,PCKCT,NUMERIC,1,0.0,N,Pick Slip Print Code
AFILELIB  ,COMAST,34,ORVAL,DECIMAL,13,2.0,N,Order Value
AFILELIB  ,COMAST,35,TDINV,DECIMAL,13,2.0,N,Total Dollars Inv'd
AFILELIB  ,COMAST,36,LINVN,DECIMAL,6,0.0,N,Last Invoice Number
AFILELIB  ,COMAST,37,LINVD,DECIMAL,8,0.0,N,Last Invoice Date
AFILELIB  ,COMAST,38,BKORD,NUMERIC,1,0.0,N,Backorders Code
AFILELIB  ,COMAST,39,BKSPC,NUMERIC,1,0.0,N,B.O. Partial Ship Cd
AFILELIB  ,COMAST,40,SLDOV,NUMERIC,1,0.0,N,Sold-to Override Cd
AFILELIB  ,COMAST,41,SHPOV,NUMERIC,1,0.0,N,Ship-to Override Cd
AFILELIB  ,COMAST,42,SHPNO,CHAR,4,,N,Ship-to Number
AFILELIB  ,COMAST,43,MATRC,DECIMAL,3,0.0,N,Material Dtl Rcd Cnt
AFILELIB  ,COMAST,44,BKITM,NUMERIC,1,0.0,N,Backordered Items Cd
AFILELIB  ,COMAST,45,INVRF,DECIMAL,6,0.0,N,Credit Memo Inv Ref
AFILELIB  ,COMAST,46,MOFLG,CHAR,1,,N,Mfg Order Flag
AFILELIB  ,COMAST,47,DFICD,NUMERIC,1,0.0,N,Invoice Proc Code
AFILELIB  ,COMAST,48,BILNO,DECIMAL,10,0.0,N,Bill-to Number
AFILELIB  ,COMAST,49,ORCST,DECIMAL,13,2.0,N,Current Order Cost
AFILELIB  ,COMAST,50,DCODE,NUMERIC,1,0.0,N,Unit Price Discount
AFILELIB  ,COMAST,51,AGEDT,DECIMAL,8,0.0,N,Ageing Date
AFILELIB  ,COMAST,52,SHLTC,DECIMAL,2,0.0,N,Ship Lead Time
AFILELIB  ,COMAST,53,SACUR,NUMERIC,2,0.0,N,Cur. S.A. Month
AFILELIB  ,COMAST,54,LANCD,CHAR,3,,N,Language Code
AFILELIB  ,COMAST,55,CURID,CHAR,3,,N,Currency Id
AFILELIB  ,COMAST,56,ORVAH,DECIMAL,13,2.0,N,LC-Order Value
AFILELIB  ,COMAST,57,TOINH,DECIMAL,13,2.0,N,LC-Total Invoiced
AFILELIB  ,COMAST,58,TXSUF,CHAR,5,,N,Tax Suffix
AFILELIB  ,COMAST,59,EXPAD,CHAR,3,,N,Export Adder Code
AFILELIB  ,COMAST,60,INLFO,CHAR,1,,N,Invoice Lang. Format
AFILELIB  ,COMAST,61,PBOQT,CHAR,1,,N,Print Backorder Qty
AFILELIB  ,COMAST,62,PITTX,CHAR,1,,N,Print Item Tax Amt
AFILELIB  ,COMAST,63,PITSU,CHAR,1,,N,Print Tax Summary
AFILELIB  ,COMAST,64,EXODT,DECIMAL,8,0.0,N,Ovr Exchng Rate Date
AFILELIB  ,COMAST,65,TXODT,DECIMAL,8,0.0,N,Tax Override Date
AFILELIB  ,COMAST,66,EXRTE,DECIMAL,11,6.0,N,Exchange Rate
AFILELIB  ,COMAST,67,GLPRD,NUMERIC,2,0.0,N,GL Period
AFILELIB  ,COMAST,68,GLYER,NUMERIC,4,0.0,N,Posting Year
AFILELIB  ,COMAST,69,TMSCD,CHAR,3,,N,Terms Code
AFILELIB  ,COMAST,70,PRINV,CHAR,1,,N,Pro Forma Inv Flg
AFILELIB  ,EXTORD,1,XORDNO,CHAR,7,,N,Order Number
AFILELIB  ,EXTORD,2,TRPNO,NUMERIC,6,0.0,N,Trip Number
AFILELIB  ,EXTORD,3,HDATE,DECIMAL,8,0.0,N,Hold Date
AFILELIB  ,EXTORD,4,TKNDAT,DECIMAL,8,0.0,N,Order Taken Date
AFILELIB  ,EXTORD,5,RQSDAT,DECIMAL,8,0.0,N,Cust. Reqst Date
AFILELIB  ,EXTORD,6,DROP#,NUMERIC,2,0.0,N,Tail-Drop Number
AFILELIB  ,EXTORD,7,TRIP#,DECIMAL,6,0.0,N,Trip Reference Number
AFILELIB  ,EXTORD,8,CREDVW,CHAR,1,,N,Credit Dept Viewed
AFILELIB  ,EXTORD,9,APVCHK,CHAR,1,,N,Rqrd Credit Approval Check
AFILELIB  ,EXTORD,10,APPROV,CHAR,15,,N,Credit Approval Number
AFILELIB  ,EXTORD,11,ORDUSR,CHAR,10,,N,Entry User Id
AFILELIB  ,EXTORD,12,HLDUSR,CHAR,10,,N,Hold User Id
AFILELIB  ,EXTORD,13,ORDUSE,CHAR,10,,N,EXTORD User Area
AFILELIB  ,EXTORD,14,TERRCD,CHAR,2,,N,Territory Code
AFILELIB  ,EXTORD,15,CONTAC,CHAR,25,,N,Contact Person
AFILELIB  ,EXTORD,16,PHONE#,CHAR,20,,N,Phone Number
AFILELIB  ,EXTORD,17,ORDARR,CHAR,2,,N,Order Arrival Mode
AFILELIB  ,EXTORD,18,ADVTSP,CHAR,1,,N,Advertising Special Y/N
AFILELIB  ,EXTORD,19,REFNUM,DECIMAL,6,0.0,N,BOL Reference Number
AFILELIB  ,EXTORD,20,RCVCSH,CHAR,1,,N,Ship/Received Cash Y/N
AFILELIB  ,EXTORD,21,CAPRDT,DECIMAL,8,0.0,N,Credit Approval Date
AFILELIB  ,EXTORD,22,CROVRD,CHAR,1,,N,Credit Override Y/N
AFILELIB  ,EXTORD,23,CROVDT,DECIMAL,8,0.0,N,Credit Override Date
AFILELIB  ,EXTORD,24,CRANOV,CHAR,10,,N,Credit Analyst Over
AFILELIB  ,EXTORD,25,CBDDAT,DECIMAL,8,0.0,N,Date Telephoned-CBD
AFILELIB  ,EXTORD,26,USRMNT,CHAR,10,,N,User Last Maint.
AFILELIB  ,EXTORD,27,DATMNT,DECIMAL,8,0.0,N,Date Last Maint.
AFILELIB  ,EXTORD,28,TIMMNT,DECIMAL,6,0.0,N,Time Last Maint.
AFILELIB  ,EXTORD,29,ORTYPE,CHAR,3,,N,Order Type - KMART
AFILELIB  ,EXTORD,30,NOSETS,DECIMAL,3,0.0,N,Number of Sets
AFILELIB  ,EXTORD,31,ORDREF,CHAR,7,,N,Order # Reference
AFILELIB  ,EXTORD,32,ORDLNK,DECIMAL,6,0.0,N,Order Link #
AFILELIB  ,EXTORD,33,CSRPID,NUMERIC,5,0.0,N,Cust Serv. Rep ID
AFILELIB  ,EXTORD,34,EXTCTY,CHAR,3,,N,Country
AFILELIB  ,EXTORD,35,EXTSTE,CHAR,2,,N,State
AFILELIB  ,EXTORD,36,OTTYP1,CHAR,1,,N,Primary Order Type
AFILELIB  ,EXTORD,37,OTTYP2,CHAR,1,,N,Secondary Order Type
AFILELIB  ,EXTORD,38,OTTYP3,CHAR,1,,N,User Defined Order Type
AFILELIB  ,EXTORD,39,OTTYP4,CHAR,1,,N,User Defined Order Type
AFILELIB  ,EXTORD,40,MNTCNT,NUMERIC,3,0.0,N,Maintenance Count
AFILELIB  ,EXTORD,41,FRZDAT,NUMERIC,8,0.0,N,Frozen Cust. Request Date
AFILELIB  ,EXTORD,42,COMMCO,CHAR,3,,N,Commission Code
AFILELIB  ,EXTORD,43,DSCNCO,CHAR,3,,N,Discount Code
AFILELIB  ,EXTORD,44,PRICCO,CHAR,6,,N,Price Code
AFILELIB  ,EXTORD,45,FRGHCO,CHAR,3,,N,Freight Code
AFILELIB  ,EXTORD,46,ZIPCOD,CHAR,10,,N,Zip Code
AFILELIB  ,EXTORD,47,WHSE,CHAR,3,,N,Warehouse
AFILELIB  ,EXTORD,48,CUSTNO,NUMERIC,8,0.0,N,Customer Number
AFILELIB  ,EXTORD,49,SHPTO#,CHAR,4,,N,Ship to Number
AFILELIB  ,EXTORD,50,SHPNAM,CHAR,25,,N,Ship to Name
AFILELIB  ,EXTORD,51,ARZONE,CHAR,2,,N,Auto Release Zone
AFILELIB  ,EXTORD,52,ARSEQ,NUMERIC,2,0.0,N,Auto Release Sequence
AFILELIB  ,EXTORD,53,ARDATE,NUMERIC,8,0.0,N,Auto Release Date
AFILELIB  ,EXTORD,54,PRMNBR,CHAR,10,,N,Promotion Number
AFILELIB  ,ITBEXT,1,ITNBR,CHAR,15,,N,Item Number
AFILELIB  ,ITBEXT,2,HOUSE,CHAR,3,,N,Warehouse
AFILELIB  ,ITBEXT,3,MFPUS,CHAR,1,,N,Manu. Status Code
AFILELIB  ,ITBEXT,4,CRHLD,NUMERIC,7,0.0,N,Credit Hold Quantity
AFILELIB  ,ITBEXT,5,DLHLD,NUMERIC,7,0.0,N,Dealer Hold Quantity
AFILELIB  ,ITBEXT,6,TOHLD,NUMERIC,7,0.0,N,Total Hold Quantity
AFILELIB  ,ITBEXT,7,ATPQT,DECIMAL,10,3.0,N,ATP Quantity
AFILELIB  ,ITBEXT,8,WKYAVG,DECIMAL,10,3.0,N,Wkly Average
AFILELIB  ,ITBEXT,9,ADJAVG,DECIMAL,10,3.0,N,ADJ Wlky Average
AFILELIB  ,ITBEXT,10,LEADTM,DECIMAL,2,0.0,N,Lead Time
AFILELIB  ,ITBEXT,11,SHPMTH,CHAR,1,,N,Shipment Method
AFILELIB  ,ITBEXT,12,SOURCE,CHAR,3,,N,Source
AFILELIB  ,ITBEXT,13,MFSDT,DECIMAL,8,0.0,N,MFG Start Date-New Itm
AFILELIB  ,ITBEXT,14,PRWTYP,DECIMAL,3,0.0,N,Raw Material Type
AFILELIB  ,ITBEXT,15,TIHIUNLD,CHAR,3,,N,TIHI Available For Unload
AFILELIB  ,ITBEXT,16,UNITSWIDE,NUMERIC,5,0.0,N,Number of Units Wide
AFILELIB  ,ITBEXT,17,UNITSDEEP,NUMERIC,5,0.0,N,Number of Units Deep
AFILELIB  ,ITBEXT,18,UNITLAYERS,NUMERIC,5,0.0,N,Number of Layers Tall
AFILELIB  ,ITBEXT,19,SCOOPWIDTH,NUMERIC,5,0.0,N,Scoop Width
AFILELIB  ,ITBEXT,20,ITMCLSID,CHAR,10,,N,Item Class ID
AFILELIB  ,ITBEXT,21,OFFSITELIG,CHAR,1,,N,Item Offsite Eligible
AFILELIB  ,ITBEXT,22,RCVEQPCLS,CHAR,20,,N,Equipment Class Name
AFILELIB  ,ITBEXT,23,OVRFLWBLDG,CHAR,10,,N,Overflow Building Number
AFILELIB  ,ITBEXT,24,PICKPUT,CHAR,15,,N,PickPut ID
AFILELIB  ,ITBEXT,25,PICBLDGCAP,NUMERIC,7,0.0,N,Pick Building Capacity
AFILELIB  ,ITBEXT,26,ITBUSRA,CHAR,10,,N,Create User
AFILELIB  ,ITBEXT,27,ITBDTEA,DECIMAL,8,0.0,N,Create Date
AFILELIB  ,ITBEXT,28,ITBTMEA,DECIMAL,6,0.0,N,Create Time
AFILELIB  ,ITBEXT,29,ITBUSRC,CHAR,10,,N,Change User
AFILELIB  ,ITBEXT,30,ITBDTEC,DECIMAL,8,0.0,N,Change Date
AFILELIB  ,ITBEXT,31,ITBTMEC,DECIMAL,6,0.0,N,Change Time
AFILELIB  ,ITBEXT,32,SCOOPQTY,DECIMAL,8,0.0,N,Scoop QTY
AFILELIB  ,ITBEXT,33,SKIDSIZE,DECIMAL,8,0.0,N,Skid size
AFILELIB  ,ITBEXT,34,ITBPGMA,CHAR,10,,N,Create Program
AFILELIB  ,ITBEXT,35,ITBPGMC,CHAR,10,,N,Change Program
AFILELIB  ,ITBEXT,36,ITBUC1A,CHAR,1,,N,User Code(1) A
AFILELIB  ,ITBEXT,37,ITBUC1B,CHAR,1,,N,User Code(1) B
AFILELIB  ,ITBEXT,38,ITBUC1C,CHAR,1,,N,User Code(1) C
AFILELIB  ,ITBEXT,39,ITBUC3A,CHAR,3,,N,User Code(3) A
AFILELIB  ,ITBEXT,40,ITBUC3B,CHAR,3,,N,User Code(3) B
AFILELIB  ,ITBEXT,41,ITBUC3C,CHAR,3,,N,User Code(3) C
AFILELIB  ,ITBEXT,42,ITBUC5A,CHAR,5,,N,User Code(5) A
AFILELIB  ,ITBEXT,43,ITBUC5B,CHAR,5,,N,User Code(5) B
AFILELIB  ,ITBEXT,44,ITBUT20,CHAR,20,,N,User Text(20)
AFILELIB  ,ITBEXT,45,ITBUDA,NUMERIC,8,0.0,N,User Date(8) A
AFILELIB  ,ITBEXT,46,ITBUNA,DECIMAL,7,2.0,N,User Number(7.2) A
AFILELIB  ,ITBEXT,47,ITBUNB,DECIMAL,7,2.0,N,User Number(7.2) B
AFILELIB  ,ITBEXT,48,ITBUNC,DECIMAL,7,2.0,N,User Number(7.2) C
AFILELIB  ,ITBEXT,49,ITBUQA,DECIMAL,11,3.0,N,User Quantity(11.3) A
AFILELIB  ,ITBEXT,50,ITBUAA,DECIMAL,15,2.0,N,User Amount(15.2) A
AFILELIB  ,ITMEXT,1,ITNBR,CHAR,15,,N,Item Number
AFILELIB  ,ITMEXT,2,CUBES,NUMERIC,10,5.0,N,Cubes Cubic Feet
AFILELIB  ,ITMEXT,3,MFPUS,CHAR,1,,N,Manu Status Code
AFILELIB  ,ITMEXT,4,LSTLB,NUMERIC,9,0.0,N,Last Label Number
AFILELIB  ,ITMEXT,5,UPCCD,NUMERIC,10,0.0,N,UPC Code
AFILELIB  ,ITMEXT,6,ISCLS,CHAR,2,,N,Item Sales Class
AFILELIB  ,ITMEXT,7,PATEN,CHAR,20,,N,Patent Number
AFILELIB  ,ITMEXT,8,QTYCR,NUMERIC,2,0.0,N,Qty Per Carton
AFILELIB  ,ITMEXT,9,NBSEAT,NUMERIC,4,2.0,N,Number of Seats
AFILELIB  ,ITMEXT,10,NMFC,DECIMAL,3,0.0,N,Natl Motor Frt Class
AFILELIB  ,ITMEXT,11,HTSNO,CHAR,10,,N,HTS Number
AFILELIB  ,ITMEXT,12,UPCCK#,NUMERIC,1,0.0,N,UPC Check Digit
AFILELIB  ,ITMEXT,13,UPCPRX,NUMERIC,1,0.0,N,UPC Prefix
AFILELIB  ,ITMEXT,14,SERIES,CHAR,10,,N,Series Code
AFILELIB  ,ITMEXT,15,GDESCD,DECIMAL,4,0.0,N,General Desc Code
AFILELIB  ,ITMEXT,16,CEX,CHAR,3,,N,Primary Site
AFILELIB  ,ITMEXT,17,CEX2,CHAR,3,,N,Gvnmt Product Definition
AFILELIB  ,ITMEXT,18,UUCBIM,CHAR,5,,N,Sales Divsion
AFILELIB  ,ITMEXT,19,UUCCIM,CHAR,5,,N,Financial Division
AFILELIB  ,ITMEXT,20,UUSAIM,CHAR,1,,N,Replaceable Y/N
AFILELIB  ,ITMEXT,21,UU40IM,CHAR,40,,N,Replaceable Description
AFILELIB  ,ITMEXT,22,SSCHDB,CHAR,10,,N,Schedule B Number
AFILELIB  ,ITMEXT,23,SPRDCR,CHAR,1,,N,Producer Y/N
AFILELIB  ,ITMEXT,24,SPRCLS,CHAR,10,,N,Pre-Class
AFILELIB  ,ITMEXT,25,ORDEREDINT,CHAR,1,,N,Ordered Internationally Y/N
AFILELIB  ,ITMEXT,26,LINTRCPTDT,DECIMAL,8,0.0,N,Last Int Receipt Date
AFILELIB  ,ITMEXT,27,FRTUNIT,CHAR,10,,N,IFM Freight Unit
AFILELIB  ,ITMEXT,28,FRTNAT,CHAR,10,,N,IFM Freight Nature
AFILELIB  ,ITMEXT,29,SETUPTM,DECIMAL,3,0.0,N,Item Setup Time
AFILELIB  ,ITMEXT,30,PREPTM,DECIMAL,3,0.0,N,Item Prepare Time
AFILELIB  ,ITMEXT,31,ASSMCUBES,DECIMAL,5,2.0,N,Assembled Cubes
AFILELIB  ,ITMEXT,32,SERCOLNUM,CHAR,25,,N,Series or Collection Number
AFILELIB  ,ITMEXT,33,VENALERT,CHAR,1,,N,Vendor Alert Code
AFILELIB  ,ITMEXT,34,CRTLIN,DECIMAL,5,2.0,N,Carton Length Inches
AFILELIB  ,ITMEXT,35,CRTWIN,DECIMAL,5,2.0,N,Carton Width Inches
AFILELIB  ,ITMEXT,36,CRTHIN,DECIMAL,5,2.0,N,Carton Height Inches
AFILELIB  ,ITMEXT,37,PRDLIN,DECIMAL,7,2.0,N,Product Length Inches
AFILELIB  ,ITMEXT,38,PRDWIN,DECIMAL,7,2.0,N,Product Width Inches
AFILELIB  ,ITMEXT,39,PRDHIN,DECIMAL,7,2.0,N,Product Height Inches
AFILELIB  ,ITMEXT,40,PRDLMM,DECIMAL,7,2.0,N,Product Length Millimeters
AFILELIB  ,ITMEXT,41,PRDWMM,DECIMAL,7,2.0,N,Product Width Millimeters
AFILELIB  ,ITMEXT,42,PRDHMM,DECIMAL,7,2.0,N,Product Height Millimeters
AFILELIB  ,ITMEXT,43,OTHERMM,DECIMAL,7,2.0,N,Other Dimension Millimeters
AFILELIB  ,ITMEXT,44,OTHERIN,DECIMAL,7,2.0,N,Other Dimension Inches
AFILELIB  ,ITMEXT,45,PRDDDES,CHAR,25,,N,Dimension Description
AFILELIB  ,ITMEXT,46,PRDDCOM,CHAR,30,,N,Dimension Comment
AFILELIB  ,ITMEXT,47,PMFPUS,CHAR,1,,N,Previous Manu Status Code
AFILELIB  ,ITMEXT,48,EIMMSCUSRC,CHAR,10,,N,MFPUS Change User
AFILELIB  ,ITMEXT,49,ITSCDT,DECIMAL,8,0.0,N,Item Status Change Date
AFILELIB  ,ITMEXT,50,EIMMSCTMEC,DECIMAL,6,0.0,N,MFPUS Change Time
AFILELIB  ,ITMEXT,51,EIMUSRA,CHAR,10,,N,Create User
AFILELIB  ,ITMEXT,52,EIMPGMA,CHAR,10,,N,Create Program
AFILELIB  ,ITMEXT,53,EIMDTEA,DECIMAL,7,0.0,N,Create Date
AFILELIB  ,ITMEXT,54,EIMTMEA,DECIMAL,6,0.0,N,Create Time
AFILELIB  ,ITMEXT,55,EIMUSRC,CHAR,10,,N,Change User
AFILELIB  ,ITMEXT,56,EIMPGMC,CHAR,10,,N,Change Program
AFILELIB  ,ITMEXT,57,EIMDTEC,DECIMAL,7,0.0,N,Change Date
AFILELIB  ,ITMEXT,58,EIMTMEC,DECIMAL,6,0.0,N,Change Time
AFILELIB  ,ITMEXT,59,ITMUPCAD,CHAR,1,,N,UPC Create Flag
AFILELIB  ,ITMEXT,60,ITMITCLS,CHAR,4,,N,Item Class Code
AFILELIB  ,ITMEXT,61,ITMWEGHT,DECIMAL,7,3.0,N,Weight
AFILELIB  ,ITMEXT,62,ITMB2CQCD,CHAR,2,,N,Weight Unit of Measure
AFILELIB  ,ITMEXT,63,ITMB2Z93R,CHAR,2,,N,Volume Unit of Measure
AFILELIB  ,ITMEXT,64,ITMOBDT,NUMERIC,8,0.0,N,Obsolete Retention Date
AFILELIB  ,ITMEXT,65,ITMCQTY,DECIMAL,4,0.0,N,Container Quantity
AFILELIB  ,ITMEXT,66,ITMUC1A,CHAR,1,,N,User Code(1) A
AFILELIB  ,ITMEXT,67,ITMUC1B,CHAR,1,,N,User Code(1) B
AFILELIB  ,ITMEXT,68,ITMUC1C,CHAR,1,,N,User Code(1) C
AFILELIB  ,ITMEXT,69,ITMUC3A,CHAR,3,,N,User Code(3) A
AFILELIB  ,ITMEXT,70,ITMUC3B,CHAR,3,,N,User Code(3) B
AFILELIB  ,ITMEXT,71,ITMUC3C,CHAR,3,,N,User Code(3) C
AFILELIB  ,ITMEXT,72,ITMUC5A,CHAR,5,,N,User Code(5) A
AFILELIB  ,ITMEXT,73,ITMUC5B,CHAR,5,,N,User Code(5) B
AFILELIB  ,ITMEXT,74,ITMUT20,CHAR,20,,N,User Text(20)
AFILELIB  ,ITMEXT,75,ITMUDA,NUMERIC,8,0.0,N,User Date(8) A
AFILELIB  ,ITMEXT,76,ITMUNA,DECIMAL,7,2.0,N,User Number(7.2) A
AFILELIB  ,ITMEXT,77,ITMUNB,DECIMAL,7,2.0,N,User Number(7.2) B
AFILELIB  ,ITMEXT,78,ITMUNC,DECIMAL,7,2.0,N,User Number(7.2) C
AFILELIB  ,ITMEXT,79,ITMUQA,DECIMAL,11,3.0,N,User Quantity(11.3) A
AFILELIB  ,ITMEXT,80,ITMUAA,DECIMAL,15,2.0,N,User Amount(15.2) A
DISTLIB   ,BTTRIPD,1,BDTRP#,NUMERIC,5,0.0,N,Trip #
DISTLIB   ,BTTRIPD,2,BDDRP#,NUMERIC,2,0.0,N,Drop #
DISTLIB   ,BTTRIPD,3,BDORD#,CHAR,7,,N,Order #
DISTLIB   ,BTTRIPD,4,BDISEQ,NUMERIC,7,0.0,N,Item Seq#
DISTLIB   ,BTTRIPD,5,BDITM#,CHAR,15,,N,Item Number
DISTLIB   ,BTTRIPD,6,BDITMD,CHAR,20,,N,Item Description
DISTLIB   ,BTTRIPD,7,BDCITM,CHAR,15,,N,Common Item#
DISTLIB   ,BTTRIPD,8,BDINVN,NUMERIC,9,0.0,N,Invoice Number
DISTLIB   ,BTTRIPD,9,BDREF#,NUMERIC,6,0.0,N,BOL Ref#
DISTLIB   ,BTTRIPD,10,BDCUS#,NUMERIC,8,0.0,N,Customer#
DISTLIB   ,BTTRIPD,11,BDCTL#,NUMERIC,7,0.0,N,BOL Ctl#
DISTLIB   ,BTTRIPD,12,BDICLS,CHAR,4,,N,Item Class
DISTLIB   ,BTTRIPD,13,BDCCLS,CHAR,5,,N,Cmdty Class
DISTLIB   ,BTTRIPD,14,BDITQT,NUMERIC,5,0.0,N,Total Item Qty
DISTLIB   ,BTTRIPD,15,BDITCT,NUMERIC,10,2.0,N,Total Item Cubes
DISTLIB   ,BTTRIPD,16,BDITWT,NUMERIC,10,2.0,N,Total Item Weight
DISTLIB   ,BTTRIPD,17,BDCUSR,CHAR,10,,N,Creation User
DISTLIB   ,BTTRIPD,18,BDCDAT,NUMERIC,8,0.0,N,Creation Date
DISTLIB   ,BTTRIPD,19,BDCTIM,NUMERIC,6,0.0,N,Creation Time
DISTLIB   ,BTTRIPD,20,BDCPGM,CHAR,10,,N,Creation Prog
DISTLIB   ,BTTRIPH,1,BHUPDS,CHAR,1,,N,Update Sts
DISTLIB   ,BTTRIPH,2,BHERRP,CHAR,10,,N,Error Pgm
DISTLIB   ,BTTRIPH,3,BHTRP#,NUMERIC,5,0.0,N,Trip Number
DISTLIB   ,BTTRIPH,4,BHWHS#,CHAR,3,,N,Whs#
DISTLIB   ,BTTRIPH,5,BHTRPS,CHAR,1,,N,Trip# Sts
DISTLIB   ,BTTRIPH,6,BHPRVS,CHAR,1,,N,Prv Trp Sts
DISTLIB   ,BTTRIPH,7,BHCNTI,CHAR,9,,N,Container Id
DISTLIB   ,BTTRIPH,8,BHCNTN,CHAR,6,,N,Container Nbr
DISTLIB   ,BTTRIPH,9,BHCREW,CHAR,10,,N,Crew Name
DISTLIB   ,BTTRIPH,10,BHPRO#,CHAR,30,,N,Pro#
DISTLIB   ,BTTRIPH,11,BHSCAC,CHAR,4,,N,SCAC Code
DISTLIB   ,BTTRIPH,12,BHDOOR,NUMERIC,4,0.0,N,Door#
DISTLIB   ,BTTRIPH,13,BHCDRP,NUMERIC,2,0.0,N,Cur Drp#
DISTLIB   ,BTTRIPH,14,BHLDRP,NUMERIC,2,0.0,N,Lst Cmp Drp#
DISTLIB   ,BTTRIPH,15,BHSEL1,CHAR,10,,N,Seal Number 1
DISTLIB   ,BTTRIPH,16,BHSEL2,CHAR,10,,N,Seal Number 2
DISTLIB   ,BTTRIPH,17,BHSEL3,CHAR,10,,N,Seal Number 3
DISTLIB   ,BTTRIPH,18,BHSEL4,CHAR,10,,N,Seal Number 4
DISTLIB   ,BTTRIPH,19,BHTITM,NUMERIC,6,0.0,N,Tot Itms For Trip
DISTLIB   ,BTTRIPH,20,BHTDRP,NUMERIC,2,0.0,N,Tot Drps For Trip
DISTLIB   ,BTTRIPH,21,BHTCUB,NUMERIC,10,2.0,N,Tot Cubes For Trip
DISTLIB   ,BTTRIPH,22,BHTWGT,NUMERIC,10,2.0,N,Tot Weight For Trip
DISTLIB   ,BTTRIPH,23,BHTSNS,NUMERIC,5,0.0,N,Tot Scan - Ser#
DISTLIB   ,BTTRIPH,24,BHTSNN,NUMERIC,5,0.0,N,Tot Scan - No Tag
DISTLIB   ,BTTRIPH,25,BHTSNE,NUMERIC,5,0.0,N,Tot Scan - Excptns
DISTLIB   ,BTTRIPH,26,BHCUSR,CHAR,10,,N,Creation User
DISTLIB   ,BTTRIPH,27,BHCDAT,NUMERIC,8,0.0,N,Creation Date
DISTLIB   ,BTTRIPH,28,BHCTIM,NUMERIC,6,0.0,N,Creation Time
DISTLIB   ,BTTRIPH,29,BHCPGM,CHAR,10,,N,Creation Prog
DISTLIB   ,BTTRIPH,30,BHRUSR,CHAR,10,,N,Release User
DISTLIB   ,BTTRIPH,31,BHRDAT,NUMERIC,8,0.0,N,Release Date
DISTLIB   ,BTTRIPH,32,BHRTIM,NUMERIC,6,0.0,N,Release Time
DISTLIB   ,BTTRIPH,33,BHRPGM,CHAR,10,,N,Release Prog
DISTLIB   ,BTTRIPH,34,BHOUSR,CHAR,10,,N,ReOpen User
DISTLIB   ,BTTRIPH,35,BHODAT,NUMERIC,8,0.0,N,ReOpen Date
DISTLIB   ,BTTRIPH,36,BHOTIM,NUMERIC,6,0.0,N,ReOpen Time
DISTLIB   ,BTTRIPH,37,BHOPGM,CHAR,10,,N,ReOpen Prog
DISTLIB   ,BTTRIPH,38,BHZUSR,CHAR,10,,N,Close User
DISTLIB   ,BTTRIPH,39,BHZDAT,NUMERIC,8,0.0,N,Close Date
DISTLIB   ,BTTRIPH,40,BHZTIM,NUMERIC,6,0.0,N,Close Time
DISTLIB   ,BTTRIPH,41,BHZPGM,CHAR,10,,N,Close Prog
DISTLIB   ,BTTRIPH,42,BHDUSR,CHAR,10,,N,Delete User
DISTLIB   ,BTTRIPH,43,BHDDAT,NUMERIC,8,0.0,N,Delete Date
DISTLIB   ,BTTRIPH,44,BHDTIM,NUMERIC,6,0.0,N,Delete Time
DISTLIB   ,BTTRIPH,45,BHDPGM,CHAR,10,,N,Delete Prog
DISTLIB   ,BTTRIPH,46,BHSUSR,CHAR,10,,N,Start User
DISTLIB   ,BTTRIPH,47,BHSDAT,NUMERIC,8,0.0,N,Start Date
DISTLIB   ,BTTRIPH,48,BHSTIM,NUMERIC,6,0.0,N,Start Time
DISTLIB   ,BTTRIPH,49,BHSPGM,CHAR,10,,N,Start Prog
DISTLIB   ,BTTRIPH,50,BHEUSR,CHAR,10,,N,End User
DISTLIB   ,BTTRIPH,51,BHEDAT,NUMERIC,8,0.0,N,End Date
DISTLIB   ,BTTRIPH,52,BHETIM,NUMERIC,6,0.0,N,End Time
DISTLIB   ,BTTRIPH,53,BHEPGM,CHAR,10,,N,End Prog
DISTLIB   ,BTTRIPH,54,BHLUSR,CHAR,10,,N,Lst Mnt User
DISTLIB   ,BTTRIPH,55,BHLDAT,NUMERIC,8,0.0,N,Lst Mnt Date
DISTLIB   ,BTTRIPH,56,BHLTIM,NUMERIC,6,0.0,N,Lst Mnt Time
DISTLIB   ,BTTRIPH,57,BHLPGM,CHAR,10,,N,Lst Mnt Prog
DISTLIB   ,BTTRIPH,58,BHLTYP,CHAR,1,,N,Lst Mnt Type
